City_ID,City,Lat,Lng,Max Temp,Humidity,Cloudiness,Wind Speed,Country,Date
0,Gladstone,-23.85,151.25,76.78,60,90,13.8,AU,2021-11-02 01:29:36
1,Kapaa,22.0752,-159.319,82.38,78,90,1.01,US,2021-11-02 01:29:37
2,Punta Arenas,-53.15,-70.9167,50.11,62,0,10.36,CL,2021-11-02 01:27:52
3,Vila Franca Do Campo,37.7167,-25.4333,74.19,90,100,5.5,PT,2021-11-02 01:29:38
4,Ambulu,-8.345,113.6058,78.03,89,88,2.48,ID,2021-11-02 01:29:38
5,Saldanha,-33.0117,17.9442,50.05,51,100,3.83,ZA,2021-11-02 01:29:38
6,Vaini,-21.2,-175.2,80.76,89,40,9.22,TO,2021-11-02 01:29:39
7,Puerto Ayora,-0.7393,-90.3518,68.88,88,88,6.6,EC,2021-11-02 01:29:39
8,Tondano,1.3038,124.9112,80.69,60,100,1.5,ID,2021-11-02 01:29:39
9,Nome,64.5011,-165.4064,28.47,86,90,20.71,US,2021-11-02 01:29:40
10,Ushuaia,-54.8,-68.3,51.46,58,0,11.5,AR,2021-11-02 01:25:51
11,Takoradi,4.8845,-1.7554,77.2,91,93,5.84,GH,2021-11-02 01:29:40
12,Henties Bay,-22.116,14.2845,56.86,91,0,10.36,NA,2021-11-02 01:29:41
13,Carnarvon,-24.8667,113.6333,68.07,45,90,17.27,AU,2021-11-02 01:29:41
14,Ponta Do Sol,32.6667,-17.1,70.72,73,65,2.04,PT,2021-11-02 01:29:42
15,Ndola,-12.9587,28.6366,66.11,82,78,3.47,ZM,2021-11-02 01:29:42
16,Mehamn,71.0357,27.8492,41.41,89,100,25.43,NO,2021-11-02 01:29:43
17,Iqaluit,63.7506,-68.5145,24.53,73,75,13.0,CA,2021-11-02 01:29:43
18,Cabo San Lucas,22.8909,-109.9124,80.62,66,4,4.0,MX,2021-11-02 01:29:44
19,Yar-Sale,66.8333,70.8333,18.68,91,100,20.22,RU,2021-11-02 01:29:44
20,New Norfolk,-42.7826,147.0587,70.66,38,58,3.0,AU,2021-11-02 01:29:44
21,Terrace,54.5163,-128.6035,42.71,52,20,18.41,CA,2021-11-02 01:26:44
22,Jamestown,42.097,-79.2353,44.33,61,90,8.05,US,2021-11-02 01:26:14
23,Lucapa,-8.4192,20.7447,64.87,98,100,3.04,AO,2021-11-02 01:29:45
24,Saint-Philippe,-21.3585,55.7679,71.15,82,40,11.36,RE,2021-11-02 01:29:45
25,Hithadhoo,-0.6,73.0833,83.12,73,80,18.05,MV,2021-11-02 01:29:46
26,Cibitoke,-2.8833,29.25,61.43,90,100,3.09,BI,2021-11-02 01:29:46
27,Bluff,-46.6,168.3333,52.81,54,79,17.02,NZ,2021-11-02 01:29:46
28,Clyde River,70.4692,-68.5914,16.66,90,100,8.77,CA,2021-11-02 01:29:47
29,La Plata,-34.9215,-57.9545,64.17,96,100,10.22,AR,2021-11-02 01:27:47
30,Esperance,-33.8667,121.9,62.44,59,72,18.1,AU,2021-11-02 01:29:47
31,Mayo,38.8876,-76.5119,52.12,71,1,0.0,US,2021-11-02 01:29:47
32,Nikolskoye,59.7035,30.7861,40.39,82,6,6.49,RU,2021-11-02 01:29:48
33,Atuona,-9.8,-139.0333,78.08,71,61,11.34,PF,2021-11-02 01:29:48
34,Wattegama,6.7989,81.4808,74.32,93,86,0.69,LK,2021-11-02 01:29:48
35,Cidreira,-30.1811,-50.2056,68.47,91,34,19.64,BR,2021-11-02 01:29:49
36,Nanortalik,60.1432,-45.2371,38.5,71,100,11.16,GL,2021-11-02 01:29:49
37,Loukhi,66.0764,33.0381,38.66,96,100,8.48,RU,2021-11-02 01:29:49
38,Rikitea,-23.1203,-134.9692,72.61,67,100,12.17,PF,2021-11-02 01:29:50
39,Alofi,-19.0595,-169.9187,82.29,61,75,13.8,NU,2021-11-02 01:29:50
40,Qaanaaq,77.484,-69.3632,8.69,66,0,7.96,GL,2021-11-02 01:29:51
41,Diyarb Najm,30.7542,31.4393,71.58,78,100,4.07,EG,2021-11-02 01:29:51
42,Hilo,19.7297,-155.09,82.13,66,75,8.05,US,2021-11-02 01:29:51
43,Faanui,-16.4833,-151.75,80.2,77,11,14.2,PF,2021-11-02 01:29:52
44,Mataura,-46.1927,168.8643,52.48,42,94,10.27,NZ,2021-11-02 01:29:52
45,Chokurdakh,70.6333,147.9167,-6.52,98,58,9.31,RU,2021-11-02 01:29:53
46,Kondinskoye,59.6481,67.41,6.82,85,5,8.93,RU,2021-11-02 01:29:58
47,Eydhafushi,5.1033,73.0708,80.8,78,100,9.48,MV,2021-11-02 01:29:58
48,Hobart,-42.8794,147.3294,71.02,42,20,4.0,AU,2021-11-02 01:26:37
49,Butaritari,3.0707,172.7902,82.65,70,16,12.35,KI,2021-11-02 01:29:59
50,Huarmey,-10.0681,-78.1522,63.86,88,80,8.23,PE,2021-11-02 01:29:59
51,Tuktoyaktuk,69.4541,-133.0374,24.8,86,75,4.61,CA,2021-11-02 01:30:00
52,Lebu,-37.6167,-73.65,50.02,88,1,6.02,CL,2021-11-02 01:30:00
53,Bandrele,-12.9067,45.1914,78.55,78,40,8.05,YT,2021-11-02 01:30:01
54,Ascope,-7.7144,-79.1078,60.13,67,47,2.98,PE,2021-11-02 01:30:02
55,East London,-33.0153,27.9116,61.54,60,0,19.71,ZA,2021-11-02 01:30:03
56,Praia,14.9215,-23.5087,79.34,73,0,12.66,CV,2021-11-02 01:30:04
57,Kahului,20.8947,-156.47,83.46,76,40,9.22,US,2021-11-02 01:30:05
58,Ilulissat,69.2167,-51.1,32.02,86,75,4.61,GL,2021-11-02 01:30:06
59,Albany,42.6001,-73.9662,43.54,70,100,7.07,US,2021-11-02 01:30:01
60,Severo-Kurilsk,50.6789,156.125,37.45,57,83,17.98,RU,2021-11-02 01:30:06
61,Avera,33.194,-82.5271,57.7,60,58,3.04,US,2021-11-02 01:30:07
62,Lemon Tree Passage,-32.7327,152.036,77.11,60,11,8.99,AU,2021-11-02 01:30:08
63,Saint Anthony,45.0205,-93.218,40.84,63,90,1.01,US,2021-11-02 01:30:08
64,Lake City,30.1897,-82.6393,64.44,88,1,0.0,US,2021-11-02 01:30:09
65,Ishigaki,24.3448,124.1572,75.33,83,75,14.97,JP,2021-11-02 01:30:10
66,Griffith,41.5284,-87.4237,43.9,65,90,1.01,US,2021-11-02 01:30:11
67,Touros,-5.1989,-35.4608,79.7,77,74,12.68,BR,2021-11-02 01:25:44
68,Busselton,-33.65,115.3333,60.04,56,43,16.82,AU,2021-11-02 01:30:12
69,Port Alfred,-33.5906,26.891,60.44,73,36,26.49,ZA,2021-11-02 01:30:12
70,Guarapari,-20.6667,-40.4975,73.29,97,100,8.93,BR,2021-11-02 01:30:13
71,Nemuro,43.3236,145.575,46.83,67,100,17.27,JP,2021-11-02 01:30:14
72,Cayenne,4.9333,-52.3333,82.09,81,64,5.01,GF,2021-11-02 01:30:15
73,Asau,46.4333,26.4,45.52,91,1,4.03,RO,2021-11-02 01:30:15
74,Ranong,9.9658,98.6348,78.73,79,100,2.86,TH,2021-11-02 01:30:15
75,Misratah,32.3754,15.0925,74.43,50,0,5.37,LY,2021-11-02 01:30:16
76,Lagoa,39.05,-27.9833,69.57,83,86,2.71,PT,2021-11-02 01:30:16
77,Dom Pedro,-4.4833,-44.45,74.28,96,100,1.7,BR,2021-11-02 01:30:17
78,Quesnel,52.9999,-122.5029,28.9,80,1,0.0,CA,2021-11-02 01:30:17
79,Glenwood Springs,39.5505,-107.3248,54.52,70,90,5.75,US,2021-11-02 01:30:17
80,Avarua,-21.2078,-159.775,78.85,73,40,17.27,CK,2021-11-02 01:30:18
81,San Patricio,28.017,-97.5169,76.84,69,0,7.94,US,2021-11-02 01:30:18
82,Cape Town,-33.9258,18.4232,55.89,78,20,1.99,ZA,2021-11-02 01:29:48
83,Masty,53.4122,24.5387,40.19,90,4,11.27,BY,2021-11-02 01:30:19
84,Bredasdorp,-34.5322,20.0403,54.72,82,45,8.05,ZA,2021-11-02 01:30:19
85,Hofn,64.2539,-15.2082,37.65,59,52,29.12,IS,2021-11-02 01:30:19
86,Camacha,33.0833,-16.3333,67.42,83,20,5.75,PT,2021-11-02 01:30:20
87,Castro,-24.7911,-50.0119,57.96,97,58,7.23,BR,2021-11-02 01:30:20
88,Suba,10.8438,121.0102,83.32,71,96,13.67,PH,2021-11-02 01:30:20
89,Luderitz,-26.6481,15.1594,56.48,73,0,16.22,NA,2021-11-02 01:30:21
90,Lorengau,-2.0226,147.2712,86.5,60,100,5.93,PG,2021-11-02 01:30:26
91,Hermanus,-34.4187,19.2345,54.9,71,72,9.01,ZA,2021-11-02 01:30:27
92,Upernavik,72.7868,-56.1549,23.67,95,100,10.74,GL,2021-11-02 01:30:27
93,Rio Gallegos,-51.6226,-69.2181,50.05,76,0,6.91,AR,2021-11-02 01:25:52
94,Makakilo City,21.3469,-158.0858,80.92,64,1,8.05,US,2021-11-02 01:30:28
95,Arlit,18.7369,7.3853,77.68,20,89,7.58,NE,2021-11-02 01:30:28
96,Rosetta,31.4044,30.4164,71.42,70,58,8.84,EG,2021-11-02 01:30:28
97,Lavrentiya,65.5833,-171.0,17.37,84,100,20.24,RU,2021-11-02 01:30:29
98,Fallon,39.4735,-118.7774,59.41,50,75,3.44,US,2021-11-02 01:30:29
99,Yellowknife,62.456,-114.3525,32.41,99,75,8.05,CA,2021-11-02 01:30:30
100,Ahuimanu,21.4447,-157.8378,82.11,68,75,8.05,US,2021-11-02 01:30:30
101,Tura,25.5198,90.2201,69.64,77,0,1.57,IN,2021-11-02 01:30:31
102,Port Blair,11.6667,92.75,83.32,75,100,10.42,IN,2021-11-02 01:30:31
103,Tasiilaq,65.6145,-37.6368,26.76,72,100,5.37,GL,2021-11-02 01:30:31
104,Kaeo,-35.1,173.7833,68.32,61,4,11.52,NZ,2021-11-02 01:30:32
105,Gornozavodsk,58.3758,58.3211,13.44,71,0,8.1,RU,2021-11-02 01:30:32
106,Kargasok,59.0556,80.8572,6.17,84,100,13.0,RU,2021-11-02 01:30:33
107,Dudinka,69.4058,86.1778,-3.1,96,100,11.97,RU,2021-11-02 01:30:33
108,Dikson,73.5069,80.5464,4.82,94,7,8.5,RU,2021-11-02 01:30:34
109,Khatanga,71.9667,102.5,0.48,98,100,2.91,RU,2021-11-02 01:30:34
110,Arenapolis,-14.4503,-56.8461,73.92,93,30,3.87,BR,2021-11-02 01:30:35
111,Hualmay,-11.0964,-77.6139,63.59,85,21,9.19,PE,2021-11-02 01:30:35
112,Ko Samui,9.5357,99.9357,82.31,83,20,0.0,TH,2021-11-02 01:30:35
113,Korla,41.7597,86.1469,45.46,32,98,2.64,CN,2021-11-02 01:30:36
114,Chuy,-33.6971,-53.4616,65.26,93,95,10.58,UY,2021-11-02 01:30:36
115,Meulaboh,4.1363,96.1285,81.68,74,86,4.38,ID,2021-11-02 01:30:37
116,Pevek,69.7008,170.3133,3.43,95,100,11.79,RU,2021-11-02 01:30:37
117,Ribeira Grande,38.5167,-28.7,70.63,86,100,13.6,PT,2021-11-02 01:30:37
118,Beringovskiy,63.05,179.3167,-0.71,88,15,15.55,RU,2021-11-02 01:30:38
119,Bengkulu,-3.8004,102.2655,79.0,85,95,0.56,ID,2021-11-02 01:30:38
120,Morant Bay,17.8815,-76.4093,82.02,85,10,7.45,JM,2021-11-02 01:30:39
121,Bacungan,9.9106,118.7022,86.65,63,92,6.26,PH,2021-11-02 01:30:39
122,Karanja,20.4833,77.4833,63.54,64,99,6.58,IN,2021-11-02 01:30:39
123,Capaci,38.1711,13.2393,69.4,75,40,11.01,IT,2021-11-02 01:30:40
124,Southbridge,42.0751,-72.0334,45.95,85,63,3.58,US,2021-11-02 01:30:40
125,Seydi,39.4816,62.9137,47.19,56,3,6.38,TM,2021-11-02 01:30:41
126,Gardner,42.5751,-71.9981,44.6,77,1,1.99,US,2021-11-02 01:30:41
127,Yaan,7.3833,8.5667,72.01,92,55,7.56,NG,2021-11-02 01:30:41
128,Kodiak,57.79,-152.4072,37.47,71,100,13.38,US,2021-11-02 01:30:42
129,Manado,1.487,124.8455,88.57,66,40,2.3,ID,2021-11-02 01:30:42
130,Kaitangata,-46.2817,169.8464,53.98,50,94,15.9,NZ,2021-11-02 01:30:42
131,College,64.8569,-147.8028,32.58,79,90,1.01,US,2021-11-02 01:30:43
132,Nouadhibou,20.931,-17.0347,67.98,83,65,12.66,MR,2021-11-02 01:30:43
133,Ancud,-41.8697,-73.8203,49.53,88,100,17.02,CL,2021-11-02 01:30:44
134,Hasaki,35.7333,140.8333,70.29,74,98,8.37,JP,2021-11-02 01:30:44
135,Provideniya,64.3833,-173.3,21.31,79,90,24.61,RU,2021-11-02 01:30:44
136,Oro Valley,32.3909,-110.9665,77.18,27,68,3.0,US,2021-11-02 01:30:50
137,Monroe,43.1501,-77.6831,45.95,63,40,6.91,US,2021-11-02 01:26:46
138,Mahebourg,-20.4081,57.7,70.25,88,40,3.44,MU,2021-11-02 01:30:50
139,Barda,40.3744,47.1267,53.65,84,72,0.18,AZ,2021-11-02 01:30:51
140,Cockburn Town,21.4612,-71.1419,81.36,73,7,11.16,TC,2021-11-02 01:30:51
141,Barrow,71.2906,-156.7887,24.82,80,75,11.5,US,2021-11-02 01:30:51
142,Saint George,37.1041,-113.5841,70.39,36,1,1.99,US,2021-11-02 01:30:52
143,Vila Velha,-20.3297,-40.2925,73.35,94,90,12.66,BR,2021-11-02 01:30:52
144,Petropavl,54.8753,69.1628,12.18,73,0,15.66,KZ,2021-11-02 01:30:08
145,Morehead,37.2711,-87.1764,50.11,64,90,0.0,US,2021-11-02 01:30:53
146,Kadnikov,59.5022,40.338,41.18,94,100,4.12,RU,2021-11-02 01:30:53
147,Mayya,61.7333,130.2811,20.52,85,100,8.5,RU,2021-11-02 01:30:53
148,Bambous Virieux,-20.3428,57.7575,70.21,88,40,3.44,MU,2021-11-02 01:30:54
149,Tiksi,71.6872,128.8694,2.71,94,100,6.67,RU,2021-11-02 01:30:54
150,Russell,32.3502,-85.1999,56.43,90,1,0.0,US,2021-11-02 01:30:54
151,Serebryansk,49.6925,83.2892,36.95,100,100,4.74,KZ,2021-11-02 01:30:55
152,Narsaq,60.9167,-46.05,32.22,75,100,6.73,GL,2021-11-02 01:30:55
153,Smithers,54.7804,-127.1743,37.72,52,1,3.44,CA,2021-11-02 01:30:55
154,Ardrishaig,56.0157,-5.4481,48.09,86,100,6.67,GB,2021-11-02 01:30:55
155,Shingu,33.7333,135.9833,70.79,59,48,2.48,JP,2021-11-02 01:30:56
156,Ikom,5.9667,8.7063,72.66,98,97,1.59,NG,2021-11-02 01:30:56
157,Morro Bay,35.3658,-120.8499,64.2,85,76,1.01,US,2021-11-02 01:30:13
158,Parvatipuram,18.7833,83.4333,74.5,89,84,2.33,IN,2021-11-02 01:30:57
159,Maceio,-9.6658,-35.7353,78.24,94,20,3.44,BR,2021-11-02 01:30:57
160,Tucuman,-26.8241,-65.2226,60.8,100,90,5.75,AR,2021-11-02 01:30:58
161,Zolotukhino,52.0842,36.3772,44.67,95,0,7.02,RU,2021-11-02 01:30:58
162,Geraldton,-28.7667,114.6,65.12,59,90,10.36,AU,2021-11-02 01:30:58
163,Villanueva De Cordoba,38.3228,-4.6287,55.13,93,69,3.22,ES,2021-11-02 01:30:59
164,Longyearbyen,78.2186,15.6401,22.84,68,75,20.71,SJ,2021-11-02 01:30:59
165,Saint-Augustin,51.226,-58.6502,48.47,93,98,19.8,CA,2021-11-02 01:30:59
166,Aklavik,68.2191,-135.0107,31.03,91,100,4.34,CA,2021-11-02 01:31:00
167,Progreso,21.2833,-89.6667,76.86,72,19,11.54,MX,2021-11-02 01:31:01
168,Guerrero Negro,27.9769,-114.0611,65.41,83,94,12.44,MX,2021-11-02 01:31:01
169,Thompson,55.7435,-97.8558,28.56,80,75,5.75,CA,2021-11-02 01:31:02
170,Petropavlovsk-Kamchatskiy,53.0452,158.6483,32.59,34,0,15.66,RU,2021-11-02 01:31:03
171,Roald,62.5833,6.1333,53.74,50,40,10.36,NO,2021-11-02 01:31:03
172,Pangody,65.85,74.4859,3.99,98,100,2.13,RU,2021-11-02 01:31:04
173,Ashland,40.8167,-82.2665,45.88,68,100,6.49,US,2021-11-02 01:29:43
174,Deniliquin,-35.5333,144.9667,84.99,20,1,12.91,AU,2021-11-02 01:31:04
175,Komsomolskiy,40.4272,71.7189,40.42,70,0,6.91,UZ,2021-11-02 01:31:04
176,Calama,-22.4667,-68.9333,53.56,31,0,3.11,CL,2021-11-02 01:31:05
177,Mubende,0.5606,31.39,61.41,94,90,0.65,UG,2021-11-02 01:31:05
178,Comodoro Rivadavia,-45.8667,-67.5,51.66,82,0,3.44,AR,2021-11-02 01:31:06
179,Campina Verde,-19.5356,-49.4864,70.65,80,0,1.16,BR,2021-11-02 01:31:06
180,Quechultenango,17.4167,-99.2167,69.8,96,92,0.54,MX,2021-11-02 01:31:06
181,Esso,55.9333,158.7,18.93,83,100,5.77,RU,2021-11-02 01:31:07
182,Polyarnyy,69.1989,33.4478,36.07,90,100,19.86,RU,2021-11-02 01:31:12
183,Natal,-5.795,-35.2094,80.82,78,20,10.36,BR,2021-11-02 01:31:13
184,Xining,36.6167,101.7667,35.47,64,96,0.74,CN,2021-11-02 01:31:13
185,Nioro,13.35,-15.75,75.6,66,9,6.46,GM,2021-11-02 01:31:13
186,Tual,-5.6667,132.75,83.48,73,97,8.01,ID,2021-11-02 01:31:14
187,Richards Bay,-28.783,32.0377,69.58,85,51,22.84,ZA,2021-11-02 01:31:14
188,Usinsk,65.9939,57.5281,-3.3,100,13,3.36,RU,2021-11-02 01:31:15
189,Veraval,20.9,70.3667,74.79,56,77,8.16,IN,2021-11-02 01:31:15
190,Goderich,43.7501,-81.7165,46.9,53,100,14.97,CA,2021-11-02 01:31:15
191,Lvov,49.8383,24.0232,34.18,100,0,6.71,UA,2021-11-02 01:31:16
192,Hami,42.8,93.45,46.87,50,90,4.21,CN,2021-11-02 01:31:16
193,Yeppoon,-23.1333,150.7333,78.58,59,97,15.19,AU,2021-11-02 01:31:17
194,Codrington,-38.2667,141.9667,76.91,42,39,13.94,AU,2021-11-02 01:31:17
195,Kungalv,57.871,11.9805,50.18,94,100,8.72,SE,2021-11-02 01:31:17
196,Yaroslavskaya,44.6106,40.4642,57.25,59,100,3.24,RU,2021-11-02 01:31:17
197,Matagami,49.7502,-77.6328,32.11,100,90,18.41,CA,2021-11-02 01:31:18
198,Leningradskiy,69.3833,178.4167,2.52,76,100,8.86,RU,2021-11-02 01:31:18
199,Selizharovo,56.8519,33.4487,35.71,85,0,4.52,RU,2021-11-02 01:31:19
200,San Calixto,8.4021,-73.2074,58.23,99,80,1.23,CO,2021-11-02 01:31:19
201,Mount Isa,-20.7333,139.5,92.97,38,1,16.11,AU,2021-11-02 01:31:19
202,Jacareacanga,-6.2222,-57.7528,71.04,98,100,1.57,BR,2021-11-02 01:31:19
203,Palu,-0.8917,119.8707,89.65,58,97,1.99,ID,2021-11-02 01:31:20
204,Karaton,-6.3424,106.1045,82.56,69,83,4.45,ID,2021-11-02 01:31:20
205,Okha,53.5739,142.9478,35.8,60,98,8.1,RU,2021-11-02 01:31:21
206,Cedral,23.8,-100.7333,65.79,48,2,10.65,MX,2021-11-02 01:31:21
207,Sao Joao Da Barra,-21.6403,-41.0511,72.3,94,100,16.82,BR,2021-11-02 01:31:22
208,Tongliao,43.6125,122.2653,43.41,30,55,12.01,CN,2021-11-02 01:31:22
209,Terenos,-20.4422,-54.8603,78.51,61,0,9.22,BR,2021-11-02 01:31:23
210,Abu Kamal,34.4506,40.9171,70.59,46,44,5.73,SY,2021-11-02 01:31:23
211,Sitka,57.0531,-135.33,51.69,54,1,8.05,US,2021-11-02 01:31:23
212,Ajaccio,42.0,8.9167,64.45,67,90,2.3,FR,2021-11-02 01:28:10
213,Trairi,-3.2778,-39.2689,79.86,79,100,10.58,BR,2021-11-02 01:29:43
214,Sao Filipe,14.8961,-24.4956,79.45,76,61,2.98,CV,2021-11-02 01:31:24
215,Pacific Grove,36.6177,-121.9166,63.07,88,90,1.99,US,2021-11-02 01:31:24
216,Bilma,18.6853,12.9164,76.15,16,17,8.72,NE,2021-11-02 01:31:25
217,Zemlyansk,51.9041,38.7334,42.44,94,0,6.51,RU,2021-11-02 01:31:25
218,Turukhansk,65.8167,87.9833,-14.53,99,89,4.23,RU,2021-11-02 01:31:26
219,Tsabong,-26.0217,22.401,60.33,42,0,11.56,BW,2021-11-02 01:31:26
220,Victoria,22.2855,114.1577,78.76,77,25,1.99,HK,2021-11-02 01:31:25
221,Saskylakh,71.9167,114.0833,-9.11,100,100,2.68,RU,2021-11-02 01:31:27
222,Doctor Arroyo,23.6667,-100.1833,63.63,60,6,5.7,MX,2021-11-02 01:31:27
223,Pisco,-13.7,-76.2167,64.45,82,90,10.36,PE,2021-11-02 01:31:28
224,Leiyang,26.4024,112.8591,59.77,95,100,4.88,CN,2021-11-02 01:31:28
225,Norman Wells,65.282,-126.8329,23.04,93,75,4.61,CA,2021-11-02 01:31:28
226,Port Hardy,50.6996,-127.4199,46.58,87,90,14.97,CA,2021-11-02 01:31:29
227,Margate,51.3813,1.3862,47.3,82,100,9.66,GB,2021-11-02 01:30:33
228,Inongo,-1.95,18.2667,69.6,97,100,1.72,CD,2021-11-02 01:31:34
229,Milak,28.6167,79.1833,65.44,73,0,3.27,IN,2021-11-02 01:31:35
230,Kavaratti,10.5669,72.642,81.41,77,84,3.96,IN,2021-11-02 01:31:35
231,Port Elizabeth,-33.918,25.5701,60.1,67,0,24.16,ZA,2021-11-02 01:31:27
232,Aksu,41.1231,80.2644,43.92,32,0,4.05,CN,2021-11-02 01:31:37
233,Arraial Do Cabo,-22.9661,-42.0278,71.46,94,90,16.11,BR,2021-11-02 01:31:37
234,Mitchell,43.7094,-98.0298,35.58,62,75,1.01,US,2021-11-02 01:31:37
235,Nsanje,-16.92,35.262,76.12,83,5,3.69,MW,2021-11-02 01:31:38
236,Sabang,5.8933,95.3214,81.21,75,100,4.07,ID,2021-11-02 01:31:38
237,Kirakira,-10.4544,161.9205,84.63,72,28,7.52,SB,2021-11-02 01:31:39
238,Lata,40.1629,-8.3327,57.81,83,100,1.41,PT,2021-11-02 01:31:39
239,Jamsa,61.8642,25.19,45.28,91,13,8.14,FI,2021-11-02 01:31:39
240,Houma,29.5958,-90.7195,64.4,88,27,3.96,US,2021-11-02 01:27:52
241,Nago,26.5881,127.9761,77.16,56,98,14.63,JP,2021-11-02 01:31:40
242,Yenagoa,4.9247,6.2642,72.79,97,100,3.38,NG,2021-11-02 01:31:40
243,Khakurinokhabl,45.0201,40.2291,53.96,71,100,2.68,RU,2021-11-02 01:31:41
244,Grand Gaube,-20.0064,57.6608,70.38,83,0,3.0,MU,2021-11-02 01:31:41
245,Heilbron,-27.2812,27.9709,56.05,51,0,6.13,ZA,2021-11-02 01:30:03
246,Pandan,14.0453,124.1694,84.36,68,84,14.18,PH,2021-11-02 01:31:42
247,Mortara,45.2473,8.7355,49.37,89,4,4.68,IT,2021-11-02 01:31:42
248,Alta Floresta,-9.8756,-56.0861,69.98,99,92,2.73,BR,2021-11-02 01:31:43
249,Tuatapere,-46.1333,167.6833,52.83,53,84,11.54,NZ,2021-11-02 01:31:43
250,Katsuura,35.1333,140.3,71.19,81,100,9.46,JP,2021-11-02 01:31:43
251,Labuhan,-6.8844,112.2051,86.16,63,83,3.91,ID,2021-11-02 01:31:44
252,Peetri,59.3942,24.8133,39.58,88,0,6.91,EE,2021-11-02 01:31:44
253,Santana Do Livramento,-30.8908,-55.5328,66.94,92,10,5.28,BR,2021-11-02 01:31:44
254,Taylor,32.3001,-99.8337,68.02,69,90,3.0,US,2021-11-02 01:29:25
255,Tres Lagoas,-20.7511,-51.6783,71.08,78,0,3.11,BR,2021-11-02 01:31:45
256,Devarkonda,16.7,78.9333,73.0,71,75,4.92,IN,2021-11-02 01:31:46
257,Banjar,-8.19,114.9675,84.06,63,77,2.53,ID,2021-11-02 01:31:46
258,Sidi Ali,36.0998,0.4206,66.2,83,15,13.11,DZ,2021-11-02 01:31:46
259,Atambua,-9.1061,124.8925,87.3,52,30,2.77,ID,2021-11-02 01:31:47
260,Belaya Gora,68.5333,146.4167,1.83,96,100,6.89,RU,2021-11-02 01:31:47
261,Gagarin,55.5529,34.9954,35.87,83,0,5.66,RU,2021-11-02 01:31:47
262,Nuevitas,21.5453,-77.2644,76.44,76,96,9.17,CU,2021-11-02 01:31:48
263,High Level,58.5169,-117.136,30.31,74,40,5.75,CA,2021-11-02 01:31:48
264,Leshukonskoye,64.8989,45.7622,21.36,87,99,8.84,RU,2021-11-02 01:31:48
265,The Valley,18.217,-63.0578,82.26,69,3,15.97,AI,2021-11-02 01:31:49
266,Maumere,-8.6199,122.2111,86.68,64,85,2.66,ID,2021-11-02 01:31:49
267,Rolla,37.9514,-91.7713,41.14,87,90,4.0,US,2021-11-02 01:31:49
268,Mount Gambier,-37.8333,140.7667,78.71,31,83,21.85,AU,2021-11-02 01:31:41
269,Rae Bareli,26.2167,81.2333,60.93,57,0,3.29,IN,2021-11-02 01:31:50
270,Tabas,33.5959,56.9244,62.04,38,32,1.28,IR,2021-11-02 01:31:50
271,Hamilton,39.1834,-84.5333,49.44,64,90,1.01,US,2021-11-02 01:31:35
272,Nhulunbuy,-12.2333,136.7667,90.21,62,75,16.11,AU,2021-11-02 01:31:51
273,Susanville,40.4163,-120.653,49.08,83,90,3.44,US,2021-11-02 01:31:57
274,Vlagtwedde,53.0275,7.1083,45.41,93,65,9.35,NL,2021-11-02 01:31:58
275,Klaksvik,62.2266,-6.589,43.72,87,100,23.76,FO,2021-11-02 01:31:58
276,Pecos,31.4229,-103.4932,70.63,42,1,3.44,US,2021-11-02 01:31:58
277,Byron Bay,-28.65,153.6167,73.06,61,95,8.37,AU,2021-11-02 01:30:16
278,Mar Del Plata,-38.0023,-57.5575,57.09,93,90,1.01,AR,2021-11-02 01:31:59
279,Santiago Del Estero,-27.7951,-64.2615,65.28,80,82,10.65,AR,2021-11-02 01:31:59
280,Sumter,28.7086,-82.0831,69.26,86,100,4.25,US,2021-11-02 01:28:00
281,Te Anau,-45.4167,167.7167,54.34,49,67,5.23,NZ,2021-11-02 01:32:00
282,Tarakan,3.3,117.6333,81.9,83,40,4.61,ID,2021-11-02 01:32:00
283,Nalut,30.3333,10.85,68.94,28,0,7.02,LY,2021-11-02 01:32:01
284,Andenes,69.3143,16.1194,48.18,76,100,6.91,NO,2021-11-02 01:32:01
285,Alice Springs,-23.7,133.8833,76.55,61,75,9.22,AU,2021-11-02 01:31:25
286,Ponta Delgada,37.7333,-25.6667,74.5,100,75,5.75,PT,2021-11-02 01:32:02
287,San Mateo Del Mar,16.2,-95.0,79.52,69,46,33.15,MX,2021-11-02 01:32:03
288,Palmer,42.1584,-72.3287,45.63,83,75,0.0,US,2021-11-02 01:32:03
289,Namibe,-15.1961,12.1522,64.36,84,44,4.47,AO,2021-11-02 01:32:04
290,Kabinda,-6.1333,24.4833,64.36,98,100,2.06,CD,2021-11-02 01:32:04
291,Blagoyevo,63.3667,47.9167,21.7,81,54,7.52,RU,2021-11-02 01:32:04
292,Severo-Yeniseyskiy,60.3725,93.0408,3.02,92,100,2.68,RU,2021-11-02 01:32:05
293,Jeremoabo,-10.075,-38.4808,71.92,88,91,7.31,BR,2021-11-02 01:32:05
294,Lehi,40.3916,-111.8508,61.68,62,100,11.01,US,2021-11-02 01:32:06
295,Auki,-8.7676,160.7034,83.26,77,66,5.06,SB,2021-11-02 01:32:06
296,Belmonte,-15.8631,-38.8828,79.3,87,76,8.81,BR,2021-11-02 01:32:06
297,Novo Cruzeiro,-17.4681,-41.8753,64.92,97,100,0.98,BR,2021-11-02 01:32:07
298,Alekseyevka,50.6309,38.6903,42.75,94,76,6.46,RU,2021-11-02 01:32:07
299,Marmora,44.4583,7.094,41.94,87,20,11.3,IT,2021-11-02 01:32:08
300,Nantucket,41.2835,-70.0995,56.08,60,1,10.36,US,2021-11-02 01:31:09
301,Santo Antonio Do Ica,-3.1022,-67.9397,75.99,89,9,1.66,BR,2021-11-02 01:32:09
302,Walla Walla,46.0646,-118.343,51.51,89,90,4.61,US,2021-11-02 01:32:09
303,Atherton,53.5237,-2.4935,46.72,94,100,1.99,GB,2021-11-02 01:32:09
304,Huangmei,30.1924,116.025,65.26,63,92,5.79,CN,2021-11-02 01:32:10
305,San Joaquin,37.9333,-121.3011,64.99,78,90,8.05,US,2021-11-02 01:32:10
306,Biggar,55.6167,-3.5167,42.55,95,100,6.98,GB,2021-11-02 01:32:10
307,Kibray,41.3873,69.4641,41.52,48,0,3.91,UZ,2021-11-02 01:32:11
308,Vardo,70.3705,31.1107,41.23,90,100,28.97,NO,2021-11-02 01:32:11
309,Dalnerechensk,45.9339,133.7225,42.93,42,0,1.61,RU,2021-11-02 01:32:11
310,Port Macquarie,-31.4333,152.9167,73.89,60,100,10.38,AU,2021-11-02 01:27:52
311,Puli,23.9664,120.9695,81.21,59,4,4.68,TW,2021-11-02 01:32:12
312,Thurso,58.5927,-3.5259,47.86,82,100,12.66,GB,2021-11-02 01:30:37
313,Ukiah,39.1502,-123.2078,59.43,93,90,4.61,US,2021-11-02 01:30:03
314,Broome,42.2506,-75.833,44.01,66,20,1.99,US,2021-11-02 01:31:37
315,Aleksandrov Gay,50.147,48.5704,43.03,75,15,4.23,RU,2021-11-02 01:32:13
316,Gwanda,-20.9333,29.0,73.33,33,0,9.26,ZW,2021-11-02 01:32:13
317,Fiumicino,41.7675,12.2291,64.35,79,0,5.75,IT,2021-11-02 01:32:13
318,Cherdyn,60.403,56.4787,16.56,91,9,1.68,RU,2021-11-02 01:32:19
319,Port Moresby,-9.4431,147.1797,89.02,66,40,6.58,PG,2021-11-02 01:32:19
320,Havre-Saint-Pierre,50.2334,-63.5986,46.76,76,90,26.46,CA,2021-11-02 01:32:20
321,Mareeba,-17.0,145.4333,82.33,51,16,10.56,AU,2021-11-02 01:28:27
322,Derzhavinsk,51.1,66.3167,38.79,87,100,9.04,KZ,2021-11-02 01:32:20
323,Davila,18.4726,120.5763,87.78,60,11,15.46,PH,2021-11-02 01:32:20
324,Ternate,0.8,127.4,84.78,66,78,3.38,ID,2021-11-02 01:32:21
325,Hay River,60.8156,-115.7999,35.58,55,40,8.05,CA,2021-11-02 01:32:21
326,Arman,59.7,150.1667,15.87,47,96,3.51,RU,2021-11-02 01:32:22
327,Sistranda,63.7256,8.834,53.91,74,56,15.77,NO,2021-11-02 01:31:59
328,Faya,18.3851,42.4509,53.71,47,45,3.38,SA,2021-11-02 01:32:22
329,Carlisle,40.2015,-77.1889,49.42,77,100,4.23,US,2021-11-02 01:29:16
330,Zacapu,19.8333,-101.7167,58.84,78,93,3.47,MX,2021-11-02 01:32:23
331,Olga,43.7444,135.2892,48.38,64,100,5.28,RU,2021-11-02 01:32:23
332,Borba,-4.3878,-59.5939,74.1,99,100,2.48,BR,2021-11-02 01:32:23
333,Tripoli,32.8752,13.1875,74.68,52,0,12.03,LY,2021-11-02 01:32:24
334,Llanes,43.4198,-4.7549,54.86,65,96,15.19,ES,2021-11-02 01:32:24
335,Skegness,53.1436,0.3363,43.09,88,58,10.67,GB,2021-11-02 01:32:24
336,Lubao,14.9167,120.55,84.22,69,59,15.97,PH,2021-11-02 01:32:25
337,Quimper,48.0,-4.1,48.76,93,40,4.61,FR,2021-11-02 01:32:25
338,Talnakh,69.4865,88.3972,-0.42,93,100,11.32,RU,2021-11-02 01:32:25
339,Darnah,32.767,22.6367,70.65,60,62,7.09,LY,2021-11-02 01:32:26
340,Fairfield,41.2668,-73.3162,51.66,72,1,3.44,US,2021-11-02 01:32:26
341,Batsfjord,70.6345,29.7185,40.17,94,100,28.19,NO,2021-11-02 01:32:27
342,Ornskoldsvik,63.2909,18.7153,46.22,100,90,10.36,SE,2021-11-02 01:32:27
343,Bethel,41.3712,-73.414,50.31,73,1,3.44,US,2021-11-02 01:31:59
344,Vao,-22.6667,167.4833,69.46,64,85,17.52,NC,2021-11-02 01:32:27
345,Batemans Bay,-35.7167,150.1833,78.19,60,10,11.77,AU,2021-11-02 01:30:11
346,Kharp,66.8014,65.8081,7.12,87,37,13.56,RU,2021-11-02 01:32:28
347,Kimbe,-5.5502,150.1429,88.65,61,100,4.09,PG,2021-11-02 01:32:28
348,Iranshahr,27.2025,60.6848,67.17,26,3,3.58,IR,2021-11-02 01:32:29
349,Marsa Matruh,31.3525,27.2453,62.8,77,0,5.75,EG,2021-11-02 01:32:29
350,Dingle,10.9995,122.6711,82.83,79,95,14.0,PH,2021-11-02 01:32:29
351,Menongue,-14.6585,17.691,63.9,49,14,4.81,AO,2021-11-02 01:32:30
352,Fortuna,40.5982,-124.1573,58.42,68,40,0.0,US,2021-11-02 01:31:39
353,Loreto,22.2667,-101.9667,62.02,48,6,15.99,MX,2021-11-02 01:32:30
354,Mugur-Aksy,50.35,90.5,12.69,85,100,7.45,RU,2021-11-02 01:32:31
355,Tateyama,34.9833,139.8667,71.1,78,98,10.38,JP,2021-11-02 01:32:31
356,Barranca,-10.75,-77.7667,62.4,89,40,6.78,PE,2021-11-02 01:32:32
357,Novikovo,51.1537,37.8879,40.95,95,71,7.11,RU,2021-11-02 01:32:32
358,Lima,-12.0432,-77.0282,63.9,78,90,11.5,PE,2021-11-02 01:32:00
359,Georgetown,5.4112,100.3354,80.89,90,20,5.01,MY,2021-11-02 01:32:04
360,Dongsheng,39.8161,109.9776,42.82,46,0,14.29,CN,2021-11-02 01:32:33
361,Kudahuvadhoo,2.6708,72.8944,82.67,75,66,16.42,MV,2021-11-02 01:32:33
362,Burns Lake,54.2331,-125.7533,35.02,59,0,2.75,CA,2021-11-02 01:32:34
363,Bathsheba,13.2167,-59.5167,81.21,74,75,9.22,BB,2021-11-02 01:32:34
364,Yerbogachen,61.2767,108.0108,13.46,79,67,11.39,RU,2021-11-02 01:32:35
365,Ridgecrest,35.6225,-117.6709,70.68,23,75,5.99,US,2021-11-02 01:31:49
366,Okhotsk,59.3833,143.3,16.39,58,7,11.9,RU,2021-11-02 01:32:35
367,Penzance,50.1186,-5.5371,49.77,69,89,16.87,GB,2021-11-02 01:32:40
368,Saint-Pierre,-21.3393,55.4781,71.24,67,0,5.75,RE,2021-11-02 01:32:41
369,Souillac,-20.5167,57.5167,70.36,88,40,3.44,MU,2021-11-02 01:32:41
370,Port Lincoln,-34.7333,135.8667,79.25,41,100,15.08,AU,2021-11-02 01:30:38
371,Sorland,67.667,12.6934,47.46,85,93,18.39,NO,2021-11-02 01:32:42
372,Mayumba,-3.432,10.6554,75.63,89,100,4.94,GA,2021-11-02 01:32:42
373,Diego De Almagro,-26.3667,-70.05,61.41,43,0,1.48,CL,2021-11-02 01:32:42
374,Sayyan,15.1718,44.3244,48.7,35,27,5.26,YE,2021-11-02 01:32:43
375,Kailua,21.4022,-157.7394,82.38,70,75,8.05,US,2021-11-02 01:32:43
376,Altay,47.8667,88.1167,31.91,98,100,4.56,CN,2021-11-02 01:32:44
377,New Iberia,30.0035,-91.8187,64.47,81,1,0.0,US,2021-11-02 01:32:44
378,Quatre Cocos,-20.2078,57.7625,70.09,82,15,6.91,MU,2021-11-02 01:32:45
379,Barbacoas,1.6715,-78.1398,74.61,94,100,0.98,CO,2021-11-02 01:32:45
380,Weyburn,49.6668,-103.8511,28.62,69,5,3.44,CA,2021-11-02 01:32:46
381,Poum,-20.2333,164.0167,73.9,63,65,13.78,NC,2021-11-02 01:32:46
382,Moerai,-22.4333,-151.3333,73.96,78,46,22.15,PF,2021-11-02 01:32:46
383,Plesetsk,62.708,40.2916,40.68,97,99,4.72,RU,2021-11-02 01:32:47
384,Wanning,18.8003,110.3967,79.36,83,20,8.03,CN,2021-11-02 01:32:47
385,Benjamin Hill,30.1667,-111.1,70.18,27,86,5.61,MX,2021-11-02 01:32:47
386,Portland,45.5234,-122.6762,51.6,89,90,1.99,US,2021-11-02 01:28:47
387,Shahr-E Babak,30.1165,55.1186,55.22,40,85,3.24,IR,2021-11-02 01:32:48
388,Walvis Bay,-22.9575,14.5053,57.09,94,0,1.14,NA,2021-11-02 01:32:48
389,Dunedin,-45.8742,170.5036,56.8,43,73,11.01,NZ,2021-11-02 01:32:49
390,Coquimbo,-29.9533,-71.3436,58.73,77,90,6.91,CL,2021-11-02 01:32:04
391,Inhambane,-23.865,35.3833,72.46,86,0,10.02,MZ,2021-11-02 01:32:49
392,Pimentel,-6.8367,-79.9342,63.59,85,32,11.43,PE,2021-11-02 01:32:50
393,Stettler,52.3168,-112.7186,29.95,55,0,12.66,CA,2021-11-02 01:32:50
394,Sayan,-11.1361,-77.1933,69.53,64,60,2.42,PE,2021-11-02 01:32:51
395,Longhua,23.6137,114.1919,73.31,75,100,2.3,CN,2021-11-02 01:32:51
396,Dawei,14.0833,98.2,81.37,82,97,3.2,MM,2021-11-02 01:32:51
397,Bandarbeyla,9.4942,50.8122,76.3,75,8,9.71,SO,2021-11-02 01:32:52
398,Riohacha,11.5444,-72.9072,77.41,78,97,8.37,CO,2021-11-02 01:32:52
399,Half Moon Bay,37.4636,-122.4286,63.88,91,90,4.0,US,2021-11-02 01:32:53
400,Paulo Ramos,-4.2167,-45.1833,75.45,93,100,4.18,BR,2021-11-02 01:32:53
401,Campo Largo,-25.4586,-49.5283,62.65,94,98,5.66,BR,2021-11-02 01:32:53
402,Victor Harbor,-35.5667,138.6167,89.69,30,90,11.48,AU,2021-11-02 01:32:54
403,Poya,-21.35,165.15,77.99,45,60,13.8,NC,2021-11-02 01:32:54
404,Ucluelet,48.9329,-125.5528,50.31,90,95,1.01,CA,2021-11-02 01:31:31
405,Gilgit,35.9221,74.3087,46.87,44,1,4.45,PK,2021-11-02 01:32:55
406,Port-Gentil,-0.7193,8.7815,76.37,86,93,5.55,GA,2021-11-02 01:32:55
407,Pilot Butte,50.4668,-104.4178,28.78,72,1,6.91,CA,2021-11-02 01:32:55
408,Skibbereen,51.55,-9.2667,44.4,85,98,8.84,IE,2021-11-02 01:32:56
409,Gobabis,-22.45,18.9667,61.43,22,0,8.3,NA,2021-11-02 01:32:56
410,Chicama,-7.8447,-79.1469,61.34,75,51,5.75,PE,2021-11-02 01:32:57
411,Belgrade,44.804,20.4651,51.46,65,0,4.0,RS,2021-11-02 01:32:57
412,Taixing,32.1667,120.0136,66.96,58,91,8.61,CN,2021-11-02 01:32:57
413,Jaguey Grande,22.5269,-81.1286,72.25,75,17,3.18,CU,2021-11-02 01:32:58
414,Balkhash,46.844,74.9804,36.21,80,0,15.66,KZ,2021-11-02 01:32:58
415,Sulangan,11.1373,123.7228,82.04,78,72,12.95,PH,2021-11-02 01:32:59
416,Vredendal,-31.6683,18.5012,54.23,67,85,4.0,ZA,2021-11-02 01:33:04
417,Tabanan,-8.5413,115.1252,82.8,67,71,4.36,ID,2021-11-02 01:33:05
418,Xuddur,4.1213,43.8894,71.71,81,7,12.35,SO,2021-11-02 01:33:05
419,Calvia,39.5657,2.5062,63.9,65,82,8.72,ES,2021-11-02 01:33:05
420,Kushmurun,52.4503,64.6311,39.81,92,100,17.96,KZ,2021-11-02 01:33:06
421,Bonfim,3.0833,-59.95,81.84,66,100,5.55,BR,2021-11-02 01:33:06
422,Chara,56.9064,118.2631,25.21,95,100,2.64,RU,2021-11-02 01:33:07
423,Paamiut,61.994,-49.6678,36.54,68,100,13.53,GL,2021-11-02 01:33:07
424,Zorritos,-3.6805,-80.6782,73.69,78,22,4.72,PE,2021-11-02 01:33:08
425,Hovd,48.0056,91.6419,31.05,38,46,7.83,MN,2021-11-02 01:33:08
426,Bandar-E Anzali,37.4727,49.4622,60.51,91,100,1.86,IR,2021-11-02 01:33:08
427,Choma,-16.8065,26.9531,74.25,41,79,3.22,ZM,2021-11-02 01:33:09
428,Torbay,47.6666,-52.7314,53.76,98,75,14.97,CA,2021-11-02 01:28:12
429,Kavieng,-2.5744,150.7967,84.56,71,100,7.29,PG,2021-11-02 01:33:10
430,Bonthe,7.5264,-12.505,77.5,84,100,2.86,SL,2021-11-02 01:33:10
431,Worthington,40.0931,-83.018,48.65,62,90,1.01,US,2021-11-02 01:33:10
432,Taltal,-25.4,-70.4833,61.66,77,0,4.63,CL,2021-11-02 01:33:11
433,Uromi,6.7,6.3333,69.3,98,100,4.9,NG,2021-11-02 01:33:11
434,Mgandu,-5.95,34.1333,67.77,63,94,1.01,TZ,2021-11-02 01:33:12
435,Tomatlan,19.9333,-105.25,74.28,88,0,1.48,MX,2021-11-02 01:33:12
436,El Alto,-4.2714,-81.2147,64.51,74,9,9.75,PE,2021-11-02 01:33:12
437,Yatou,37.15,122.3833,55.29,50,100,10.89,CN,2021-11-02 01:33:13
438,Yinchuan,38.4681,106.2731,46.72,42,1,1.95,CN,2021-11-02 01:33:13
439,Nokaneng,-19.6667,22.2667,74.59,12,0,5.5,BW,2021-11-02 01:33:13
440,Rawson,-43.3002,-65.1023,56.88,75,97,30.8,AR,2021-11-02 01:33:14
441,Airai,-8.9266,125.4092,77.79,44,65,3.18,TL,2021-11-02 01:33:14
442,Cherskiy,68.75,161.3,-6.27,94,100,9.48,RU,2021-11-02 01:33:15
443,Banda Aceh,5.5577,95.3222,81.82,74,100,1.95,ID,2021-11-02 01:33:15
444,Ixtapa,20.7,-105.2,74.68,93,9,1.99,MX,2021-11-02 01:33:16
445,Inirida,3.8653,-67.9239,73.65,97,93,2.37,CO,2021-11-02 01:33:16
446,Norwich,52.6278,1.2983,41.14,93,35,4.61,GB,2021-11-02 01:33:16
447,Abalak,58.1286,68.5944,6.73,92,6,6.08,RU,2021-11-02 01:33:17
448,Waingapu,-9.6567,120.2641,87.42,64,97,8.12,ID,2021-11-02 01:33:17
449,Tezu,27.9167,96.1667,74.05,44,0,0.31,IN,2021-11-02 01:33:18
450,Redditch,52.3065,-1.9457,42.98,96,26,5.5,GB,2021-11-02 01:33:18
451,Emba,48.8264,58.1442,38.48,63,0,6.87,KZ,2021-11-02 01:33:19
452,Hokitika,-42.7167,170.9667,58.68,62,7,15.55,NZ,2021-11-02 01:33:19
453,Manzhouli,49.6,117.4333,38.75,57,100,12.55,CN,2021-11-02 01:33:19
454,Havoysund,70.9963,24.6622,47.28,84,100,24.7,NO,2021-11-02 01:33:20
455,Onguday,50.75,86.15,33.96,73,100,4.05,RU,2021-11-02 01:33:20
456,Jinji,23.2281,110.8261,71.26,79,98,4.63,CN,2021-11-02 01:33:20
457,Konigs Wusterhausen,52.3014,13.633,50.11,93,75,6.91,DE,2021-11-02 01:33:21
458,Fare,-16.7,-151.0167,79.84,79,7,12.5,PF,2021-11-02 01:33:21
459,Glinka,54.6404,32.8781,35.51,91,0,6.13,RU,2021-11-02 01:33:21
460,Kruisfontein,-34.0033,24.7314,57.88,79,78,18.86,ZA,2021-11-02 01:33:27
461,Bereda,43.2686,-7.5406,53.91,84,84,6.98,ES,2021-11-02 01:33:27
462,Kaputa,-8.4689,29.6619,68.54,85,98,3.47,ZM,2021-11-02 01:33:28
463,Ambo,-10.1308,-76.2047,62.73,88,68,2.42,PE,2021-11-02 01:33:28
464,Bull Savanna,17.8868,-77.5902,76.17,84,6,4.83,JM,2021-11-02 01:33:28
465,Catuday,16.2923,119.8062,82.18,68,86,8.99,PH,2021-11-02 01:32:03
466,Krasnoselkup,65.7,82.4667,-9.35,98,22,10.09,RU,2021-11-02 01:33:29
467,Goba,7.0167,39.9833,48.96,91,95,0.51,ET,2021-11-02 01:33:29
468,Kyren,51.6828,102.1408,29.01,65,42,2.91,RU,2021-11-02 01:33:30
469,Sao Francisco Do Sul,-26.2433,-48.6381,71.1,100,75,4.61,BR,2021-11-02 01:33:30
470,Carballo,43.213,-8.691,57.0,93,33,7.07,ES,2021-11-02 01:33:31
471,Yulara,-25.2406,130.9889,66.04,100,90,10.36,AU,2021-11-02 01:33:31
472,Nishihara,26.1842,127.7558,74.86,67,75,8.05,JP,2021-11-02 01:33:31
473,Ranipur,27.2879,68.5051,70.36,32,0,8.72,PK,2021-11-02 01:33:32
474,Roebourne,-20.7833,117.1333,80.13,35,0,10.25,AU,2021-11-02 01:31:11
475,Porto-Vecchio,41.591,9.2795,69.33,68,20,23.02,FR,2021-11-02 01:33:32
476,Vanavara,60.34,102.2797,12.2,75,99,7.36,RU,2021-11-02 01:33:33
477,Ouegoa,-20.35,164.4333,78.49,54,30,6.69,NC,2021-11-02 01:33:33
478,Panjakent,39.4952,67.6093,39.0,54,0,4.23,TJ,2021-11-02 01:33:33
479,Camocim,-2.9022,-40.8411,79.32,78,58,13.73,BR,2021-11-02 01:33:34
480,Santa Isabel Do Rio Negro,-0.4139,-65.0192,74.59,95,87,3.31,BR,2021-11-02 01:33:34
481,Ashtabula,41.7001,-80.7665,48.45,70,20,9.22,US,2021-11-02 01:30:02
482,Gahanna,40.0192,-82.8793,48.94,59,90,8.05,US,2021-11-02 01:33:12
483,Srednekolymsk,67.45,153.6833,-0.56,86,100,8.88,RU,2021-11-02 01:33:35
484,Mimoso Do Sul,-21.0642,-41.3664,69.84,98,100,4.09,BR,2021-11-02 01:33:35
485,Sachin,21.0833,72.8833,71.49,68,17,6.91,IN,2021-11-02 01:33:36
486,Fort Nelson,58.8053,-122.7002,22.59,74,1,2.3,CA,2021-11-02 01:33:36
487,Bucerias,20.75,-105.3333,77.18,85,0,3.51,MX,2021-11-02 01:33:37
488,Lagos,6.5833,3.75,73.72,90,100,5.23,NG,2021-11-02 01:31:21
489,Anadyr,64.75,177.4833,-10.7,77,82,13.42,RU,2021-11-02 01:33:37
490,Shiyan,32.6475,110.7781,61.38,68,29,2.8,CN,2021-11-02 01:33:37
491,Kichera,55.9375,110.0997,26.1,86,76,2.8,RU,2021-11-02 01:33:38
492,Morris,40.8334,-74.5329,51.08,79,40,0.0,US,2021-11-02 01:33:38
493,Ivanivka,46.7208,34.553,52.14,87,100,9.86,UA,2021-11-02 01:33:38
494,Adrar,20.5022,-10.0711,79.5,17,65,9.86,MR,2021-11-02 01:33:39
495,Kasane,-17.8167,25.15,74.86,46,12,3.67,BW,2021-11-02 01:33:39
496,Torremolinos,36.6204,-4.4998,71.64,74,75,5.75,ES,2021-11-02 01:33:40
497,Turinsk,58.0458,63.696,11.73,80,2,4.83,RU,2021-11-02 01:33:40
498,Flinders,-34.5833,150.8552,77.2,54,11,8.99,AU,2021-11-02 01:33:40
499,Bonavista,48.6499,-53.1147,53.11,95,100,13.87,CA,2021-11-02 01:33:41
500,Zhoucheng,35.9122,116.3117,59.02,57,96,11.86,CN,2021-11-02 01:33:41
501,Waddan,29.1614,16.139,69.49,25,0,3.56,LY,2021-11-02 01:33:41
502,Birao,10.2849,22.7882,73.24,77,96,4.09,CF,2021-11-02 01:33:42
503,Xai-Xai,-25.0519,33.6442,71.71,73,0,11.61,MZ,2021-11-02 01:33:42
504,Kangalassy,62.3464,129.9628,21.13,91,100,10.65,RU,2021-11-02 01:33:43
505,Obo,5.3998,26.4869,66.9,99,100,4.52,CF,2021-11-02 01:33:48
506,La Candelaria,9.6855,-63.4038,72.03,89,73,5.37,VE,2021-11-02 01:33:49
507,Ketchikan,55.3422,-131.6461,48.67,57,1,4.61,US,2021-11-02 01:33:03
508,Bombay,19.0144,72.8479,82.38,69,100,4.61,IN,2021-11-02 01:33:04
509,Dzilam Gonzalez,21.2833,-88.9333,72.28,76,16,4.76,MX,2021-11-02 01:33:49
510,Lampa,-33.2833,-70.9,64.63,67,75,9.22,CL,2021-11-02 01:33:50
511,Gazanjyk,39.2446,55.5154,54.97,45,59,11.34,TM,2021-11-02 01:33:50
512,Neiafu,-18.65,-173.9833,79.03,82,52,12.46,TO,2021-11-02 01:33:50
513,Sola,-13.8833,167.55,80.49,76,62,21.09,VU,2021-11-02 01:33:51
514,Lucea,18.451,-78.1736,78.66,78,5,11.01,JM,2021-11-02 01:33:52
515,Verkhnyaya Inta,65.9811,60.3094,3.07,92,12,3.76,RU,2021-11-02 01:33:52
516,Baracoa,20.3467,-74.4958,77.31,87,9,4.23,CU,2021-11-02 01:33:52
517,Miraflores,19.2167,-98.8083,66.87,78,94,3.65,MX,2021-11-02 01:33:53
518,Lieksa,63.3167,30.0167,45.09,90,100,13.8,FI,2021-11-02 01:33:53
519,Talara,-4.5772,-81.2719,65.19,81,18,9.4,PE,2021-11-02 01:33:54
520,Lircay,-12.9896,-74.7205,50.61,78,100,4.25,PE,2021-11-02 01:33:54
521,Midland,31.9974,-102.0779,68.05,71,40,9.22,US,2021-11-02 01:33:54
522,Haines Junction,60.7522,-137.5108,33.75,60,31,0.0,CA,2021-11-02 01:33:55
523,Broken Hill,-31.95,141.4333,83.91,21,100,12.66,AU,2021-11-02 01:33:55
524,Leh,34.1667,77.5833,22.33,75,83,3.27,IN,2021-11-02 01:32:02
525,Mandera,3.9366,41.867,78.4,69,73,8.34,KE,2021-11-02 01:33:56
526,Lompoc,34.6391,-120.4579,64.54,82,1,10.36,US,2021-11-02 01:33:56
527,Chapais,49.7834,-74.8492,31.78,88,100,16.15,CA,2021-11-02 01:33:57
528,Tari,12.4086,4.4914,76.73,25,12,6.33,NG,2021-11-02 01:33:57
529,Borova,50.1763,30.1043,43.25,91,88,5.75,UA,2021-11-02 01:33:57
530,Ordu,40.9086,37.6845,50.5,75,100,4.23,TR,2021-11-02 01:33:58
531,Yekaterinovka,52.0508,44.3451,39.42,78,0,2.75,RU,2021-11-02 01:33:58
532,Douentza,14.9951,-2.9517,84.33,19,31,4.76,ML,2021-11-02 01:33:58
533,Camabatela,-8.1881,15.375,60.85,99,100,3.8,AO,2021-11-02 01:33:59
534,Salym,60.0625,71.4789,10.74,93,94,5.1,RU,2021-11-02 01:33:59
535,Dabat,12.9842,37.765,53.37,64,99,6.04,ET,2021-11-02 01:34:00
536,Grindavik,63.8424,-22.4338,34.27,75,40,18.41,IS,2021-11-02 01:34:00
537,Bharatpur,27.2167,77.4833,66.97,57,0,5.79,IN,2021-11-02 01:34:01
538,Merced,37.1666,-120.7516,66.43,66,98,2.26,US,2021-11-02 01:30:06
539,Jibuti,11.5,42.5,71.02,56,41,7.27,DJ,2021-11-02 01:33:06
540,Santa Maria,-29.6842,-53.8069,69.1,88,0,3.44,BR,2021-11-02 01:30:30
541,Bodmin,50.4715,-4.7243,49.08,81,20,11.5,GB,2021-11-02 01:34:02
542,Malpura,26.2833,75.3833,69.15,42,0,4.54,IN,2021-11-02 01:34:02
543,Sumbawanga,-7.9667,31.6167,59.41,87,95,1.41,TZ,2021-11-02 01:34:03
544,Kunming,25.0389,102.7183,58.93,88,75,6.71,CN,2021-11-02 01:33:04
545,Axim,4.8699,-2.2405,77.54,89,78,5.88,GH,2021-11-02 01:34:03
546,Mezhdurechensk,53.6942,88.0603,35.47,97,100,11.99,RU,2021-11-02 01:34:04
547,Tazmalt,36.3868,4.3989,65.34,83,30,4.16,DZ,2021-11-02 01:34:04
548,Sikasso,10.9167,-7.0,76.57,76,88,4.03,ML,2021-11-02 01:34:05
549,Entre Rios,-11.9419,-38.0844,71.69,96,44,4.74,BR,2021-11-02 01:34:05
550,Moindou,-21.6924,165.677,75.15,52,53,17.65,NC,2021-11-02 01:34:05
551,Isla Mujeres,21.2311,-86.731,79.59,65,16,13.56,MX,2021-11-02 01:34:06
552,Solnechnyy,50.7214,136.6319,38.52,39,7,4.27,RU,2021-11-02 01:34:11
553,Waiouru,-39.4833,175.6667,64.72,35,100,6.67,NZ,2021-11-02 01:34:11
554,Mikropolis,41.1935,23.8157,52.93,87,37,1.57,GR,2021-11-02 01:34:12
555,Beian,63.6559,9.5683,54.01,54,0,24.16,NO,2021-11-02 01:34:12
556,Bairiki,1.3292,172.9752,87.8,62,20,8.05,KI,2021-11-02 01:34:13
557,Kashi,39.4547,75.9797,43.23,38,0,6.71,CN,2021-11-02 01:34:13
558,Manavadar,21.5,70.1333,71.4,52,6,5.48,IN,2021-11-02 01:34:14
559,Ahipara,-35.1667,173.1667,62.78,67,9,18.7,NZ,2021-11-02 01:34:14
560,Rocha,-34.4833,-54.3333,62.67,98,99,7.27,UY,2021-11-02 01:30:26
561,Riyadh,24.6877,46.7219,64.54,29,1,2.46,SA,2021-11-02 01:30:24
562,Arys,42.4252,68.795,37.62,58,0,5.19,KZ,2021-11-02 01:34:15
563,Mahajanga,-15.7167,46.3167,78.82,83,40,3.44,MG,2021-11-02 01:34:15
564,Nizwa,22.9333,57.5333,73.49,24,3,4.88,OM,2021-11-02 01:34:16
565,Los Llanos De Aridane,28.6585,-17.9182,65.95,74,0,3.0,ES,2021-11-02 01:34:16
566,Talcahuano,-36.7167,-73.1167,55.08,82,0,9.22,CL,2021-11-02 01:34:16
567,Pangkalanbuun,-2.6833,111.6167,83.07,79,100,2.73,ID,2021-11-02 01:30:19
568,Svetlogorsk,52.6333,29.7333,37.98,95,47,7.25,BY,2021-11-02 01:34:17
569,Novy Bydzov,50.2415,15.4908,47.43,94,100,9.06,CZ,2021-11-02 01:34:18
570,Marsassoum,12.8275,-15.9806,75.04,81,7,5.53,SN,2021-11-02 01:34:18
571,Neepawa,50.2289,-99.4664,34.2,74,55,5.14,CA,2021-11-02 01:34:18
572,Baykit,61.67,96.37,-5.44,100,88,1.92,RU,2021-11-02 01:34:19
573,Worland,44.0169,-107.9554,39.67,80,1,4.61,US,2021-11-02 01:31:44
574,Kemin,42.7846,75.6892,42.4,76,14,4.54,KG,2021-11-02 01:34:19
575,Svetlyy,54.675,20.1347,39.96,74,0,13.24,RU,2021-11-02 01:34:20
576,Ulladulla,-35.35,150.4667,74.88,61,6,12.97,AU,2021-11-02 01:34:20
577,Tananger,58.9333,5.6,50.32,89,75,13.8,NO,2021-11-02 01:34:20
578,Kirkenaer,60.4564,12.0582,47.98,91,100,8.68,NO,2021-11-02 01:34:21
579,Tilichiki,60.4667,166.1,-0.96,87,10,8.25,RU,2021-11-02 01:34:21
580,Saint-Francois,46.4154,3.9054,48.47,93,90,4.61,FR,2021-11-02 01:34:21
581,Naze,28.3667,129.4833,72.52,58,100,16.62,JP,2021-11-02 01:34:22
582,Villorba,45.7213,12.2531,55.67,93,90,4.61,IT,2021-11-02 01:34:22
583,Newport,51.5877,-2.9984,45.86,90,11,4.52,GB,2021-11-02 01:34:23
584,Fairbanks,64.8378,-147.7164,32.59,79,90,1.01,US,2021-11-02 01:30:02
585,Xuanzhou,30.9525,118.7553,63.1,76,99,10.71,CN,2021-11-02 01:34:23
586,Caucaia,-3.7361,-38.6531,82.35,79,75,14.97,BR,2021-11-02 01:34:23
587,Buzovna,40.5179,50.1139,57.29,88,90,0.0,AZ,2021-11-02 01:34:24
588,Chernyshevskiy,63.0128,112.4714,13.06,87,100,13.96,RU,2021-11-02 01:34:24
589,Tautira,-17.7333,-149.15,84.0,81,100,8.86,PF,2021-11-02 01:34:24
590,Westport,41.1415,-73.3579,54.99,71,1,3.0,US,2021-11-02 01:34:25
591,Vostok,46.4856,135.8833,41.61,47,7,2.89,RU,2021-11-02 01:34:25
592,Batticaloa,7.7102,81.6924,79.88,82,17,3.06,LK,2021-11-02 01:34:26
593,Miles City,46.4083,-105.8406,36.57,41,1,0.0,US,2021-11-02 01:34:26
594,Ilheus,-14.7889,-39.0494,80.42,83,40,8.05,BR,2021-11-02 01:34:26
595,Praia Da Vitoria,38.7333,-27.0667,73.65,78,20,7.76,PT,2021-11-02 01:34:32
596,Trapani,37.8333,12.6667,68.18,94,20,19.57,IT,2021-11-02 01:34:32
597,Itaguai,-22.8522,-43.7753,71.58,100,90,8.05,BR,2021-11-02 01:34:33
598,Indiaroba,-11.5192,-37.5117,76.26,89,15,7.11,BR,2021-11-02 01:34:33
599,Beaverlodge,55.2166,-119.4361,27.75,46,0,2.1,CA,2021-11-02 01:34:33
600,Grivenskaya,45.6473,38.176,55.04,72,100,7.47,RU,2021-11-02 01:34:33
601,Alberton,46.8168,-64.0654,49.91,60,3,22.75,CA,2021-11-02 01:34:34
602,Veere,51.5483,3.6667,48.2,92,75,5.99,NL,2021-11-02 01:34:34
603,Tessalit,20.1986,1.0114,80.74,15,100,10.92,ML,2021-11-02 01:34:35
604,Basco,20.4487,121.9702,80.67,70,65,18.86,PH,2021-11-02 01:34:35
605,Shimoda,34.6667,138.95,64.76,68,72,7.2,JP,2021-11-02 01:34:36
606,Constitucion,-35.3333,-72.4167,50.97,83,22,7.67,CL,2021-11-02 01:30:56
607,Tanete,-3.9443,119.7848,87.13,65,92,4.83,ID,2021-11-02 01:34:36
608,Acapulco,16.8634,-99.8901,80.42,83,75,0.0,MX,2021-11-02 01:30:59
609,Champerico,14.3,-91.9167,83.35,74,13,2.33,GT,2021-11-02 01:34:37
610,Araouane,18.9048,-3.5265,80.35,19,2,8.79,ML,2021-11-02 01:34:37
611,Halifax,44.6453,-63.5724,50.49,76,0,1.01,CA,2021-11-02 01:33:47
612,Jalu,29.0331,21.5482,71.96,32,0,9.53,LY,2021-11-02 01:34:37
613,Qui Nhon,13.7667,109.2333,78.69,86,99,8.25,VN,2021-11-02 01:34:38
614,Illela,13.7292,5.2975,80.35,20,97,8.97,NG,2021-11-02 01:34:38
615,Soubre,5.7856,-6.6083,71.2,99,41,1.05,CI,2021-11-02 01:34:38
616,Abbeville,50.1,1.8333,46.49,93,63,10.22,FR,2021-11-02 01:30:24
617,Alihe,50.5667,123.7167,35.64,41,76,4.68,CN,2021-11-02 01:34:39
618,Grindsted,55.754,8.9123,48.04,87,75,4.61,DK,2021-11-02 01:34:39
619,Derbent,42.0678,48.2899,55.04,86,64,3.94,RU,2021-11-02 01:34:40
620,Doha,25.2867,51.5333,78.78,78,0,6.91,QA,2021-11-02 01:34:40
621,Grand-Lahou,5.1367,-5.0242,76.62,90,29,5.64,CI,2021-11-02 01:34:40
622,Zaysan,47.4667,84.8667,41.23,72,100,13.87,KZ,2021-11-02 01:34:41
623,Canmore,51.0834,-115.3521,27.88,68,1,1.14,CA,2021-11-02 01:34:37
624,Makaha,21.4694,-158.2175,82.31,61,1,8.05,US,2021-11-02 01:34:41
625,Sioux Lookout,50.1001,-91.917,28.78,80,40,11.5,CA,2021-11-02 01:33:18
626,Dzhebariki-Khaya,62.2167,135.8,19.85,83,87,3.13,RU,2021-11-02 01:34:42
627,Mizdah,31.4451,12.9801,67.21,35,0,9.08,LY,2021-11-02 01:34:42
628,Mandalgovi,45.7625,106.2708,30.47,34,0,12.75,MN,2021-11-02 01:34:43
629,Buin,-33.7333,-70.75,67.73,71,100,3.06,CL,2021-11-02 01:31:29
630,Saint-Georges,12.0564,-61.7485,80.28,78,40,11.5,GD,2021-11-02 01:34:43
631,Agirish,61.9247,63.0231,3.83,96,7,3.58,RU,2021-11-02 01:34:44
632,Nuuk,64.1835,-51.7216,38.01,87,75,12.66,GL,2021-11-02 01:34:44
633,North Bend,43.4065,-124.2243,55.94,94,1,3.44,US,2021-11-02 01:34:44
634,Bom Jesus,-9.0744,-44.3586,79.43,57,93,1.81,BR,2021-11-02 01:34:45
635,Soyo,-6.1349,12.3689,76.24,83,100,6.24,AO,2021-11-02 01:34:45
636,Rio Grande,-32.035,-52.0986,69.94,89,73,13.06,BR,2021-11-02 01:34:46
637,Vieste,41.8825,16.175,61.3,94,100,15.86,IT,2021-11-02 01:34:46
638,Montmagny,48.9734,2.3469,48.24,90,75,6.91,FR,2021-11-02 01:33:06
639,Isangel,-19.55,169.2667,76.23,56,47,16.06,VU,2021-11-02 01:34:47
640,Lazaro Cardenas,17.9583,-102.2,78.98,81,6,3.15,MX,2021-11-02 01:34:52
641,Sysert,56.4953,60.8192,15.78,85,93,7.11,RU,2021-11-02 01:34:52
642,Pringsewu,-5.3582,104.9744,82.87,73,89,4.56,ID,2021-11-02 01:34:53
643,Nevers,46.9167,3.3333,46.99,96,100,6.29,FR,2021-11-02 01:34:53
644,Noyabrsk,63.1994,75.4507,2.43,97,96,11.18,RU,2021-11-02 01:34:53
645,Znamenskoye,57.1281,73.8282,6.12,86,7,8.08,RU,2021-11-02 01:34:54
646,Bac Lieu,9.285,105.7244,84.43,70,97,18.79,VN,2021-11-02 01:34:54
647,Ndele,8.4109,20.6473,70.88,94,100,6.26,CF,2021-11-02 01:34:54
648,Mangaluru,12.8667,74.8833,76.06,94,40,0.0,IN,2021-11-02 01:34:55
649,Aras,42.5617,-2.356,49.71,90,0,2.3,ES,2021-11-02 01:34:55
650,Merauke,-8.4667,140.3333,87.22,63,100,5.03,ID,2021-11-02 01:34:56
651,Nova Olinda Do Norte,-3.8881,-59.0942,73.92,99,100,2.91,BR,2021-11-02 01:34:56
652,Galle,6.0367,80.217,80.01,83,84,4.9,LK,2021-11-02 01:34:56
653,Linqing,36.8456,115.7117,58.73,62,100,12.57,CN,2021-11-02 01:34:57
654,Sinegorye,62.0788,150.477,0.32,81,22,2.13,RU,2021-11-02 01:34:57
655,Huilong,31.8111,121.655,64.98,55,13,9.31,CN,2021-11-02 01:34:57
656,Mao,39.8885,4.2658,63.16,82,40,5.75,ES,2021-11-02 01:34:58
657,Baglung,28.2719,83.5898,57.36,74,1,3.98,NP,2021-11-02 01:34:58
658,Labytnangi,66.6572,66.4183,10.35,81,41,13.94,RU,2021-11-02 01:34:59
659,Najran,17.4924,44.1277,57.85,37,21,0.98,SA,2021-11-02 01:34:59
660,Pochutla,15.7432,-96.4661,83.25,88,17,4.59,MX,2021-11-02 01:34:59
661,Ventspils,57.3894,21.5606,39.13,100,0,3.44,LV,2021-11-02 01:35:00
662,Manggar,-2.8833,108.2667,81.68,75,100,1.77,ID,2021-11-02 01:35:00
663,Port Hedland,-20.3167,118.5667,82.45,36,3,12.66,AU,2021-11-02 01:35:00
664,Laramie,41.3114,-105.5911,32.77,88,90,1.99,US,2021-11-02 01:31:55
665,Gisors,49.2818,1.7801,48.22,88,99,11.21,FR,2021-11-02 01:35:01
666,Husavik,66.0449,-17.3389,31.91,95,100,19.73,IS,2021-11-02 01:35:02
667,Mbini,1.574,9.6134,75.2,88,100,5.17,GQ,2021-11-02 01:35:03
668,San Jose Del Guaviare,2.5729,-72.6459,72.99,97,53,3.0,CO,2021-11-02 01:35:03
669,Udachnyy,66.4167,112.4,3.29,96,100,7.25,RU,2021-11-02 01:33:11
670,Petatlan,17.5167,-101.2667,84.0,87,17,1.25,MX,2021-11-02 01:35:04
671,Cap Malheureux,-19.9842,57.6142,70.47,83,0,3.0,MU,2021-11-02 01:35:04
672,Markova,48.6758,24.4138,37.35,71,0,4.23,UA,2021-11-02 01:35:05
673,Eyemouth,55.8713,-2.0901,44.64,79,99,17.45,GB,2021-11-02 01:35:05
674,Manono,-7.3,27.4167,67.14,99,84,1.39,CD,2021-11-02 01:35:06
675,Mbouda,5.6258,10.2552,61.2,93,100,0.6,CM,2021-11-02 01:35:06
676,Claveria,18.6074,121.0832,82.45,67,52,14.45,PH,2021-11-02 01:35:06
677,Berlevag,70.8578,29.0864,41.43,90,100,32.5,NO,2021-11-02 01:35:07
678,Coihaique,-45.5752,-72.0662,53.55,54,0,2.3,CL,2021-11-02 01:35:07
679,Chiredzi,-21.05,31.6667,71.85,55,0,3.74,ZW,2021-11-02 01:35:07
680,Cam Ranh,11.9214,109.1591,84.16,65,20,13.8,VN,2021-11-02 01:35:08
681,Egvekinot,66.3167,-179.1667,-3.86,89,18,7.9,RU,2021-11-02 01:35:08
682,Gat,31.61,34.7642,72.39,80,56,3.02,IL,2021-11-02 01:33:09
683,Paraiso,9.8383,-83.8656,65.26,92,100,2.8,CR,2021-11-02 01:35:09
684,Puerto Cabezas,14.0351,-83.3888,77.27,89,100,8.05,NI,2021-11-02 01:35:09
685,Sechura,-5.5569,-80.8222,67.06,70,12,11.48,PE,2021-11-02 01:35:10
686,Pemangkat,1.1667,108.9667,83.07,74,100,3.8,ID,2021-11-02 01:35:10
687,Anupgarh,29.1911,73.2086,66.97,40,0,9.64,IN,2021-11-02 01:35:15
688,Tiznit,29.5833,-9.5,61.59,52,0,1.97,MA,2021-11-02 01:35:16
689,Flin Flon,54.7682,-101.865,27.75,75,7,3.85,CA,2021-11-02 01:35:16
690,Hervey Bay,-25.2986,152.8535,78.91,60,99,15.7,AU,2021-11-02 01:33:58
691,Atar,20.5169,-13.0499,80.62,23,5,7.16,MR,2021-11-02 01:35:17
692,Akdepe,42.0551,59.3788,33.89,48,80,9.13,TM,2021-11-02 01:35:17
693,Cozumel,20.5083,-86.9458,81.0,73,91,8.01,MX,2021-11-02 01:35:17
694,Laguna,38.421,-121.4238,64.45,86,90,1.01,US,2021-11-02 01:35:17
695,Turayf,31.6725,38.6637,64.65,68,42,8.05,SA,2021-11-02 01:35:18
696,Thinadhoo,0.5333,72.9333,83.46,74,69,17.18,MV,2021-11-02 01:35:18
697,Campbell River,50.0163,-125.2446,43.52,97,90,8.05,CA,2021-11-02 01:33:12
698,Jiwani,25.05,61.7417,79.45,50,0,5.99,PK,2021-11-02 01:35:19
699,Inuvik,68.3499,-133.7218,31.06,72,40,3.44,CA,2021-11-02 01:35:19
700,Chebenki,51.9337,55.7077,29.95,85,46,4.0,RU,2021-11-02 01:35:19
701,Miri,4.4148,114.0089,84.34,84,20,2.3,MY,2021-11-02 01:35:20
